total_reward,total_trades,avg_reward,sharpe,max_drawdown,final_balance,final_equity
-7655.791854425001,29,-5.764903504838103,-1.4956799908248093,216.6409349077794,5613.7022368950265,5618.65222993605
