total_reward,total_trades,avg_reward,sharpe,max_drawdown,final_balance,final_equity
-7370.8675464,4,-5.550352068072289,-1.4591436139797946,2.1492823983662674,5007.3964028531,5007.3964028531
